INSERT INTO tblUsers (UserID, Username, Password, Troop, Email) VALUES
('00000001-0000-0000-0000-000000000001', 'user01', 'hashed_pw_01', 'T001', 'user01@example.com'),
('00000002-0000-0000-0000-000000000002', 'user02', 'hashed_pw_02', 'T001', 'user02@example.com'),
('00000003-0000-0000-0000-000000000003', 'user03', 'hashed_pw_03', 'T001', 'user03@example.com'),
('00000004-0000-0000-0000-000000000004', 'user04', 'hashed_pw_04', 'T002', 'user04@example.com'),
('00000005-0000-0000-0000-000000000005', 'user05', 'hashed_pw_05', 'T002', 'user05@example.com'),
('00000006-0000-0000-0000-000000000006', 'user06', 'hashed_pw_06', 'T002', 'user06@example.com'),
('00000007-0000-0000-0000-000000000007', 'user07', 'hashed_pw_07', 'T003', 'user07@example.com'),
('00000008-0000-0000-0000-000000000008', 'user08', 'hashed_pw_08', 'T003', 'user08@example.com'),
('00000009-0000-0000-0000-000000000009', 'user09', 'hashed_pw_09', 'T003', 'user09@example.com'),
('00000010-0000-0000-0000-000000000010', 'user10', 'hashed_pw_10', 'T001', 'user10@example.com'),
('00000011-0000-0000-0000-000000000011', 'user11', 'hashed_pw_11', 'T001', 'user11@example.com'),
('00000012-0000-0000-0000-000000000012', 'user12', 'hashed_pw_12', 'T001', 'user12@example.com'),
('00000013-0000-0000-0000-000000000013', 'user13', 'hashed_pw_13', 'T002', 'user13@example.com'),
('00000014-0000-0000-0000-000000000014', 'user14', 'hashed_pw_14', 'T002', 'user14@example.com'),
('00000015-0000-0000-0000-000000000015', 'user15', 'hashed_pw_15', 'T002', 'user15@example.com'),
('00000016-0000-0000-0000-000000000016', 'user16', 'hashed_pw_16', 'T003', 'user16@example.com'),
('00000017-0000-0000-0000-000000000017', 'user17', 'hashed_pw_17', 'T003', 'user17@example.com'),
('00000018-0000-0000-0000-000000000018', 'user18', 'hashed_pw_18', 'T003', 'user18@example.com'),
('00000019-0000-0000-0000-000000000019', 'user19', 'hashed_pw_19', 'T001', 'user19@example.com'),
('00000020-0000-0000-0000-000000000020', 'user20', 'hashed_pw_20', 'T001', 'user20@example.com'),
('00000021-0000-0000-0000-000000000021', 'user21', 'hashed_pw_21', 'T002', 'user21@example.com'),
('00000022-0000-0000-0000-000000000022', 'user22', 'hashed_pw_22', 'T002', 'user22@example.com'),
('00000023-0000-0000-0000-000000000023', 'user23', 'hashed_pw_23', 'T003', 'user23@example.com'),
('00000024-0000-0000-0000-000000000024', 'user24', 'hashed_pw_24', 'T003', 'user24@example.com'),
('00000025-0000-0000-0000-000000000025', 'user25', 'hashed_pw_25', 'T001', 'user25@example.com');


INSERT INTO tblUserPointValues (PointID, UserID, PointValue) VALUES
('pv01', '00000001-0000-0000-0000-000000000001', 10),
('pv02', '00000002-0000-0000-0000-000000000002', 10),
('pv03', '00000003-0000-0000-0000-000000000003', 10),
('pv04', '00000004-0000-0000-0000-000000000004', 10),
('pv05', '00000005-0000-0000-0000-000000000005', 10),
('pv06', '00000006-0000-0000-0000-000000000006', 10),
('pv07', '00000007-0000-0000-0000-000000000007', 10),
('pv08', '00000008-0000-0000-0000-000000000008', 10),
('pv09', '00000009-0000-0000-0000-000000000009', 10),
('pv10', '00000010-0000-0000-0000-000000000010', 10),
('pv11', '00000011-0000-0000-0000-000000000011', 10),
('pv12', '00000012-0000-0000-0000-000000000012', 10),
('pv13', '00000013-0000-0000-0000-000000000013', 10),
('pv14', '00000014-0000-0000-0000-000000000014', 10),
('pv15', '00000015-0000-0000-0000-000000000015', 10),
('pv16', '00000016-0000-0000-0000-000000000016', 10),
('pv17', '00000017-0000-0000-0000-000000000017', 10),
('pv18', '00000018-0000-0000-0000-000000000018', 10),
('pv19', '00000019-0000-0000-0000-000000000019', 10),
('pv20', '00000020-0000-0000-0000-000000000020', 10),
('pv21', '00000021-0000-0000-0000-000000000021', 10),
('pv22', '00000022-0000-0000-0000-000000000022', 10),
('pv23', '00000023-0000-0000-0000-000000000023', 10),
('pv24', '00000024-0000-0000-0000-000000000024', 10),
('pv25', '00000025-0000-0000-0000-000000000025', 10);

INSERT INTO tblUserPointTotals (RecordID, UserID, PointTotal) VALUES
('pt01', '00000001-0000-0000-0000-000000000001', 120),
('pt02', '00000002-0000-0000-0000-000000000002', 85),
('pt03', '00000003-0000-0000-0000-000000000003', 200),
('pt04', '00000004-0000-0000-0000-000000000004', 45),
('pt05', '00000005-0000-0000-0000-000000000005', 160),
('pt06', '00000006-0000-0000-0000-000000000006', 95),
('pt07', '00000007-0000-0000-0000-000000000007', 130),
('pt08', '00000008-0000-0000-0000-000000000008', 70),
('pt09', '00000009-0000-0000-0000-000000000009', 210),
('pt10', '00000010-0000-0000-0000-000000000010', 55),
('pt11', '00000011-0000-0000-0000-000000000011', 180),
('pt12', '00000012-0000-0000-0000-000000000012', 90),
('pt13', '00000013-0000-0000-0000-000000000013', 145),
('pt14', '00000014-0000-0000-0000-000000000014', 65),
('pt15', '00000015-0000-0000-0000-000000000015', 170),
('pt16', '00000016-0000-0000-0000-000000000016', 110),
('pt17', '00000017-0000-0000-0000-000000000017', 40),
('pt18', '00000018-0000-0000-0000-000000000018', 195),
('pt19', '00000019-0000-0000-0000-000000000019', 100),
('pt20', '00000020-0000-0000-0000-000000000020', 150),
('pt21', '00000021-0000-0000-0000-000000000021', 80),
('pt22', '00000022-0000-0000-0000-000000000022', 165),
('pt23', '00000023-0000-0000-0000-000000000023', 60),
('pt24', '00000024-0000-0000-0000-000000000024', 140),
('pt25', '00000025-0000-0000-0000-000000000025', 175);

UPDATE tblUsers
SET FirstName = CASE UserID
    WHEN '00000001-0000-0000-0000-000000000001' THEN 'Alice'
    WHEN '00000002-0000-0000-0000-000000000002' THEN 'Bob'
    WHEN '00000003-0000-0000-0000-000000000003' THEN 'Charlie'
    WHEN '00000004-0000-0000-0000-000000000004' THEN 'Diana'
    WHEN '00000005-0000-0000-0000-000000000005' THEN 'Evan'
    WHEN '00000006-0000-0000-0000-000000000006' THEN 'Frank'
    WHEN '00000007-0000-0000-0000-000000000007' THEN 'Grace'
    WHEN '00000008-0000-0000-0000-000000000008' THEN 'Hannah'
    WHEN '00000009-0000-0000-0000-000000000009' THEN 'Ian'
    WHEN '00000010-0000-0000-0000-000000000010' THEN 'Julia'
    WHEN '00000011-0000-0000-0000-000000000011' THEN 'Kevin'
    WHEN '00000012-0000-0000-0000-000000000012' THEN 'Laura'
    WHEN '00000013-0000-0000-0000-000000000013' THEN 'Michael'
    WHEN '00000014-0000-0000-0000-000000000014' THEN 'Nina'
    WHEN '00000015-0000-0000-0000-000000000015' THEN 'Oscar'
    WHEN '00000016-0000-0000-0000-000000000016' THEN 'Paula'
    WHEN '00000017-0000-0000-0000-000000000017' THEN 'Quinn'
    WHEN '00000018-0000-0000-0000-000000000018' THEN 'Rachel'
    WHEN '00000019-0000-0000-0000-000000000019' THEN 'Sam'
    WHEN '00000020-0000-0000-0000-000000000020' THEN 'Tina'
    WHEN '00000021-0000-0000-0000-000000000021' THEN 'Uma'
    WHEN '00000022-0000-0000-0000-000000000022' THEN 'Victor'
    WHEN '00000023-0000-0000-0000-000000000023' THEN 'Wendy'
    WHEN '00000024-0000-0000-0000-000000000024' THEN 'Xavier'
    WHEN '00000025-0000-0000-0000-000000000025' THEN 'Yvonne'
END;
