-- 25 Users
INSERT INTO tblUsers (user_id, first_name, username, password_hash, troop, email) VALUES
('550e8400-e29b-41d4-a716-000000000001','Alice','alice01','hashedpass1','T1','alice01@example.com'),
('550e8400-e29b-41d4-a716-000000000002','Bob','bob02','hashedpass2','T1','bob02@example.com'),
('550e8400-e29b-41d4-a716-000000000003','Charlie','charlie03','hashedpass3','T2','charlie03@example.com'),
('550e8400-e29b-41d4-a716-000000000004','David','david04','hashedpass4','T2','david04@example.com'),
('550e8400-e29b-41d4-a716-000000000005','Eva','eva05','hashedpass5','T3','eva05@example.com'),
('550e8400-e29b-41d4-a716-000000000006','Frank','frank06','hashedpass6','T3','frank06@example.com'),
('550e8400-e29b-41d4-a716-000000000007','Grace','grace07','hashedpass7','T1','grace07@example.com'),
('550e8400-e29b-41d4-a716-000000000008','Hank','hank08','hashedpass8','T1','hank08@example.com'),
('550e8400-e29b-41d4-a716-000000000009','Ivy','ivy09','hashedpass9','T2','ivy09@example.com'),
('550e8400-e29b-41d4-a716-000000000010','Jack','jack10','hashedpass10','T2','jack10@example.com'),
('550e8400-e29b-41d4-a716-000000000011','Kara','kara11','hashedpass11','T3','kara11@example.com'),
('550e8400-e29b-41d4-a716-000000000012','Leo','leo12','hashedpass12','T3','leo12@example.com'),
('550e8400-e29b-41d4-a716-000000000013','Mia','mia13','hashedpass13','T1','mia13@example.com'),
('550e8400-e29b-41d4-a716-000000000014','Nina','nina14','hashedpass14','T1','nina14@example.com'),
('550e8400-e29b-41d4-a716-000000000015','Oscar','oscar15','hashedpass15','T2','oscar15@example.com'),
('550e8400-e29b-41d4-a716-000000000016','Pam','pam16','hashedpass16','T2','pam16@example.com'),
('550e8400-e29b-41d4-a716-000000000017','Quinn','quinn17','hashedpass17','T3','quinn17@example.com'),
('550e8400-e29b-41d4-a716-000000000018','Ray','ray18','hashedpass18','T3','ray18@example.com'),
('550e8400-e29b-41d4-a716-000000000019','Sara','sara19','hashedpass19','T1','sara19@example.com'),
('550e8400-e29b-41d4-a716-000000000020','Tom','tom20','hashedpass20','T1','tom20@example.com'),
('550e8400-e29b-41d4-a716-000000000021','Uma','uma21','hashedpass21','T2','uma21@example.com'),
('550e8400-e29b-41d4-a716-000000000022','Vince','vince22','hashedpass22','T2','vince22@example.com'),
('550e8400-e29b-41d4-a716-000000000023','Wendy','wendy23','hashedpass23','T3','wendy23@example.com'),
('550e8400-e29b-41d4-a716-000000000024','Xander','xander24','hashedpass24','T3','xander24@example.com'),
('550e8400-e29b-41d4-a716-000000000025','Yara','yara25','hashedpass25','T1','yara25@example.com');

-- User Point Values (1 per user)
INSERT INTO tblUserPointValues (point_id, user_id, point_value) VALUES
('a1111111-1111-1111-1111-000000000001','550e8400-e29b-41d4-a716-000000000001',10),
('a1111111-1111-1111-1111-000000000002','550e8400-e29b-41d4-a716-000000000002',15),
('a1111111-1111-1111-1111-000000000003','550e8400-e29b-41d4-a716-000000000003',12),
('a1111111-1111-1111-1111-000000000004','550e8400-e29b-41d4-a716-000000000004',8),
('a1111111-1111-1111-1111-000000000005','550e8400-e29b-41d4-a716-000000000005',20),
('a1111111-1111-1111-1111-000000000006','550e8400-e29b-41d4-a716-000000000006',7),
('a1111111-1111-1111-1111-000000000007','550e8400-e29b-41d4-a716-000000000007',14),
('a1111111-1111-1111-1111-000000000008','550e8400-e29b-41d4-a716-000000000008',11),
('a1111111-1111-1111-1111-000000000009','550e8400-e29b-41d4-a716-000000000009',9),
('a1111111-1111-1111-1111-000000000010','550e8400-e29b-41d4-a716-000000000010',13),
('a1111111-1111-1111-1111-000000000011','550e8400-e29b-41d4-a716-000000000011',18),
('a1111111-1111-1111-1111-000000000012','550e8400-e29b-41d4-a716-000000000012',10),
('a1111111-1111-1111-1111-000000000013','550e8400-e29b-41d4-a716-000000000013',15),
('a1111111-1111-1111-1111-000000000014','550e8400-e29b-41d4-a716-000000000014',12),
('a1111111-1111-1111-1111-000000000015','550e8400-e29b-41d4-a716-000000000015',8),
('a1111111-1111-1111-1111-000000000016','550e8400-e29b-41d4-a716-000000000016',20),
('a1111111-1111-1111-1111-000000000017','550e8400-e29b-41d4-a716-000000000017',7),
('a1111111-1111-1111-1111-000000000018','550e8400-e29b-41d4-a716-000000000018',14),
('a1111111-1111-1111-1111-000000000019','550e8400-e29b-41d4-a716-000000000019',11),
('a1111111-1111-1111-1111-000000000020','550e8400-e29b-41d4-a716-000000000020',9),
('a1111111-1111-1111-1111-000000000021','550e8400-e29b-41d4-a716-000000000021',13),
('a1111111-1111-1111-1111-000000000022','550e8400-e29b-41d4-a716-000000000022',18),
('a1111111-1111-1111-1111-000000000023','550e8400-e29b-41d4-a716-000000000023',10),
('a1111111-1111-1111-1111-000000000024','550e8400-e29b-41d4-a716-000000000024',15),
('a1111111-1111-1111-1111-000000000025','550e8400-e29b-41d4-a716-000000000025',12);

-- User Point Totals (same as their single point value)
INSERT INTO tblUserPointTotals (record_id, user_id, point_total) VALUES
('b2222222-2222-2222-2222-000000000001','550e8400-e29b-41d4-a716-000000000001',10),
('b2222222-2222-2222-2222-000000000002','550e8400-e29b-41d4-a716-000000000002',15),
('b2222222-2222-2222-2222-000000000003','550e8400-e29b-41d4-a716-000000000003',12),
('b2222222-2222-2222-2222-000000000004','550e8400-e29b-41d4-a716-000000000004',8),
('b2222222-2222-2222-2222-000000000005','550e8400-e29b-41d4-a716-000000000005',20),
('b2222222-2222-2222-2222-000000000006','550e8400-e29b-41d4-a716-000000000006',7),
('b2222222-2222-2222-2222-000000000007','550e8400-e29b-41d4-a716-000000000007',14),
('b2222222-2222-2222-2222-000000000008','550e8400-e29b-41d4-a716-000000000008',11),
('b2222222-2222-2222-2222-000000000009','550e8400-e29b-41d4-a716-000000000009',9),
('b2222222-2222-2222-2222-000000000010','550e8400-e29b-41d4-a716-000000000010',13),
('b2222222-2222-2222-2222-000000000011','550e8400-e29b-41d4-a716-000000000011',18),
('b2222222-2222-2222-2222-000000000012','550e8400-e29b-41d4-a716-000000000012',10),
('b2222222-2222-2222-2222-000000000013','550e8400-e29b-41d4-a716-000000000013',15),
('b2222222-2222-2222-2222-000000000014','550e8400-e29b-41d4-a716-000000000014',12),
('b2222222-2222-2222-2222-000000000015','550e8400-e29b-41d4-a716-000000000015',8),
('b2222222-2222-2222-2222-000000000016','550e8400-e29b-41d4-a716-000000000016',20),
('b2222222-2222-2222-2222-000000000017','550e8400-e29b-41d4-a716-000000000017',7),
('b2222222-2222-2222-2222-000000000018','550e8400-e29b-41d4-a716-000000000018',14),
('b2222222-2222-2222-2222-000000000019','550e8400-e29b-41d4-a716-000000000019',11),
('b2222222-2222-2222-2222-000000000020','550e8400-e29b-41d4-a716-000000000020',9),
('b2222222-2222-2222-2222-000000000021','550e8400-e29b-41d4-a716-000000000021',13),
('b2222222-2222-2222-2222-000000000022','550e8400-e29b-41d4-a716-000000000022',18),
('b2222222-2222-2222-2222-000000000023','550e8400-e29b-41d4-a716-000000000023',10),
('b2222222-2222-2222-2222-000000000024','550e8400-e29b-41d4-a716-000000000024',15),
('b2222222-2222-2222-2222-000000000025','550e8400-e29b-41d4-a716-000000000025',12);
